{"rec":{"10002":{"2023-12-29":{"comment":"輕微感冒，無大礙","medicine":"早晚一次","return":"2024-01-10"}},"10001":{"2024-01-02":{"comment":"Good","medicine":"2PerDay","return":"2024-02-02"},"2024-01-01":{"comment":"很棒","medicine":"2天一次","return":"2024-02-01"},"2023-12-01":{"comment":"不要餵太胖","medicine":"兩天一次","return":"2023-12-05"}}},"rsv":{"2024-01-02":{"M":{"10001":{"name":"James","comment":"Null"}}},"2024-01-01":{"M":{"10001":{"name":"Johny","comment":"Nullz"}}},"2023-12-31":{"A":{"10005":{"name":"Jack","comment":"Null"}},"M":{"1001":{"name":"Johny","comment":"My pet so cute"}}},"2023-12-01":{"A":{"10001":{"name":"Kevin","comment":"Null"}},"M":{"10002":{"name":"John","comment":"我家寶貝很乖"}}},"2023-12-23":{"M":{"7":{"name":"y","comment":"Null"},"y":{"name":"y","comment":"Null"}}},"2023-12-22":{"A":{"10005":{"name":"Bangle","comment":"Null"}}},"2023-12-16":{"M":{"777":{"name":"888","comment":"Null"}}},"2023-12-27":{"M":{"10006":{"name":"1","comment":"Null"}}},"2023-12-07":{"M":{"w":{"name":"wk","comment":"Null"}}},"2023-12-18":{"M":{"10001":{"name":"bingo","comment":"Null"}}},"2023-12-29":{"M":{"10002":{"name":"Jack","comment":"nothing"}}},"2023-12-17":{"M":{"888":{"name":"799","comment":"Null"}}}},"health":{"10002":{"weight":{"w0":9,"w1":10},"medicine":{"pill":1}},"10001":{"weight":{"w0":7,"w1":88},"medicine":{"pill2":"1","pill":"1"}}},"message":"wewewewe"}