{"rec":{"10001":{"2023-12-01":{"comment":"不要餵太胖","medicine":"兩天一次","return":"2023-12-05"}}},"rsv":{"2023-12-01":{"A":{"10":{"name":"1","comment":"Null"}},"M":{"mrmr":{"name":"mrmr","comment":"Null"}}},"2023-12-23":{"M":{"7":{"name":"y","comment":"Null"},"y":{"name":"y","comment":"Null"}}},"2023-12-22":{"A":{"10005":{"name":"Bangle","comment":"Null"}}},"2023-12-16":{"M":{"777":{"name":"888","comment":"Null"}}},"2023-12-07":{"M":{"w":{"name":"wk","comment":"Null"}}},"2023-12-18":{"M":{"10001":{"name":"bingo","comment":"Null"}}},"2023-12-17":{"M":{"888":{"name":"799","comment":"Null"}}}},"health":{"10001":{"weight":["7"],"medicine":{"pill2":"1","pill":"1"}}},"message":"wewewewe"}